Sensor_Name,P531
Datalogger,Rasberry PI
Calibration_Date,2016/08/02 10:10:10
Intercept,1.32338367346953
dU/dH,6.75794396686583
dU/dT,-0.00262852666069246
Sigma_Meas_P,0.01
