Sensor_Name,P533
Datalogger,Rasberry PI
Calibration_Date,2016/07/06 10:10:10
Intercept,0.987504809571029
dU/dH,-5.26012526747141
dU/dT,0.0128035639631889
Sigma_Meas_P,0.01
